{
    "name": "ES",
    "dist_blood_type": {"O": 0.38, "A": 0.47, "B": 0.1, "AB": 0.05},
    "dist_num_donors": {"1": 0.9, "2": 0.1, "3": 0.0},
    "dist_pra": {"[0, 9]": 0.17836981566820276, "[10, 69]": 0.15529953917050693, "[70, 89]": 0.12206221198156683, "[90, 94]": 0.05904377880184332, "[95, 99]": 0.48522465437788015},
    "dist_age": {"patient": {"(18, 73)": 1.0}, "donor": {"(18, 73)": 1.0}, "altruistic": {"(18, 73)": 1.0}},
    "arrival_time": {"inc": {"avg": 23.4}, "com": {"avg": 112.32}, "alt": {"avg": 150.0}},
    "duration_stay": {"inc": {"avg": 365.0, "min": 60, "max": 2190}, "com": {"avg": 365.0, "min": 60, "max": 2190}, "alt": {"avg": 180.0, "min": 60, "max": 240}},
    "prob_fail": {"inc": {"max": 0.0}, "com": {"max": 0.0}, "alt": {"max": 0.0}},
    "prob_pass_hla": {"*-*": 1.0}
}